v_sum,0,1,2,3,4,5,6,7,8,9,10,11,12,13,14,15,16,17,18,19,20,21,22,23,24,25,26,27,28,29,30,31,32,33,34,35,36,37,38,39,40,41,42,43,44,45,46,47,48,49,50,51,52,53,54,55,56,57,58,59,60,61,62,63
0,17616976,1399659,164772522,1923606,987548,58475112,9542549,9443618,17986434,55646808,3860384,44898488,33192269,866154,2833517,3970264,9617264,63463336,2004316,14492374,30075459,14418335,2823780,3207534,66649214,1092808,6817558,98909097,1044928,44389426,7525266,13294999,5199880,93544220,50102404,56769008,5291765,67138472,32989086,10695930,37228843,120617950,9784366,29000998,44897120,696471,4174055,1295592,195183192,3106253,2446417,1561326,68353252,39684964,3120805,46729924,33517643,61578880,166568884,36126006,1836910,2832450,102163026,1030731
,
v_max,0,1,2,3,4,5,6,7,8,9,10,11,12,13,14,15,16,17,18,19,20,21,22,23,24,25,26,27,28,29,30,31,32,33,34,35,36,37,38,39,40,41,42,43,44,45,46,47,48,49,50,51,52,53,54,55,56,57,58,59,60,61,62,63
0,1808,396,4028,477,341,2456,1036,832,1177,2358,612,2090,1585,310,564,585,1193,2620,436,1232,1598,1634,482,531,3055,257,784,3278,322,2353,836,930,834,3303,1982,2230,1037,2630,1844,1118,1857,3556,1276,1845,1906,273,692,350,4420,669,574,377,2456,1932,680,1844,1657,2234,4478,2141,630,517,2855,276
,
v_LOD,0,1,2,3,4,5,6,7,8,9,10,11,12,13,14,15,16,17,18,19,20,21,22,23,24,25,26,27,28,29,30,31,32,33,34,35,36,37,38,39,40,41,42,43,44,45,46,47,48,49,50,51,52,53,54,55,56,57,58,59,60,61,62,63
0,10,8,11,8,8,11,10,9,10,11,9,11,10,8,9,9,10,11,8,10,10,10,8,9,11,8,9,11,8,11,9,9,9,11,10,11,10,11,10,10,10,11,10,10,10,8,9,8,12,9,9,8,11,10,9,10,10,11,12,11,9,9,11,8
,
v_exp,0,1,2,3,4,5,6,7,8,9,10,11,12,13,14,15,16,17,18,19,20,21,22,23,24,25,26,27,28,29,30,31,32,33,34,35,36,37,38,39,40,41,42,43,44,45,46,47,48,49,50,51,52,53,54,55,56,57,58,59,60,61,62,63
0,-3,-1,-4,-1,-1,-4,-3,-2,-3,-4,-2,-4,-3,-1,-2,-2,-3,-4,-1,-3,-3,-3,-1,-2,-4,-1,-2,-4,-1,-4,-2,-2,-2,-4,-3,-4,-3,-4,-3,-3,-3,-4,-3,-3,-3,-1,-2,-1,-5,-2,-2,-1,-4,-3,-2,-3,-3,-4,-5,-4,-2,-2,-4,-1
,
v_scale,0,1,2,3,4,5,6,7,8,9,10,11,12,13,14,15,16,17,18,19,20,21,22,23,24,25,26,27,28,29,30,31,32,33,34,35,36,37,38,39,40,41,42,43,44,45,46,47,48,49,50,51,52,53,54,55,56,57,58,59,60,61,62,63
0,0.125,0.5,0.0625,0.5,0.5,0.0625,0.125,0.25,0.125,0.0625,0.25,0.0625,0.125,0.5,0.25,0.25,0.125,0.0625,0.5,0.125,0.125,0.125,0.5,0.25,0.0625,0.5,0.25,0.0625,0.5,0.0625,0.25,0.25,0.25,0.0625,0.125,0.0625,0.125,0.0625,0.125,0.125,0.125,0.0625,0.125,0.125,0.125,0.5,0.25,0.5,0.03125,0.25,0.25,0.5,0.0625,0.125,0.25,0.125,0.125,0.0625,0.03125,0.0625,0.25,0.25,0.0625,0.5
,
v_seq,0,1,2,3,4,5,6,7,8,9,10,11,12,13,14,15,16,17,18,19,20,21,22,23,24,25,26,27,28,29,30,31,32,33,34,35,36,37,38,39,40,41,42,43,44,45,46,47,48,49,50,51,52,53,54,55,56,57,58,59,60,61,62,63
0,134,187,2401,-242,63,648,-585,183,584,-380,-181,810,198,-30,27,-186,328,1598,226,-1161,499,-960,348,233,-1889,87,-778,-1239,148,140,-171,-222,160,757,1632,-762,-356,-2266,38,408,1016,-2777,-560,-898,26,-112,692,-252,-1971,-105,-2,-31,-1376,-842,-277,-476,677,-1748,2366,1593,-32,-152,-1098,95
1,648,-87,2041,477,57,526,-672,186,86,1334,-29,430,-596,-94,-139,-1,-254,-848,-105,-16,498,-263,-128,337,756,-155,-221,-106,-162,514,-138,616,52,70,394,-938,-61,-1002,37,-56,-123,-1094,-22,351,1720,-164,-72,-157,2657,-340,-37,207,99,1236,176,176,20,1430,-801,536,20,-59,-977,46
2,-933,9,-1826,-100,-108,636,111,-56,-350,138,106,-124,405,-84,195,-268,-61,-126,-155,18,106,-657,-55,63,1278,75,-477,845,-66,216,56,16,129,-1107,158,-984,31,8,-199,521,-1173,-431,-519,1399,-12,22,171,151,387,244,63,-175,234,-328,-45,-374,125,-220,1941,378,114,40,-474,249
3,-10,-172,-1891,-138,-157,1626,-255,-97,324,-714,95,402,-257,48,23,5,-115,-332,289,574,397,-19,97,-70,-4,52,-396,3278,63,560,420,179,487,1165,586,-1988,65,-1308,-68,108,536,-1203,33,-969,668,-25,-94,114,-2495,165,-339,12,2456,450,-680,-34,155,716,2599,1014,62,9,2596,-100
4,1059,25,-951,-6,-29,602,-731,789,53,-142,10,-130,803,134,-103,246,-89,526,156,-281,-276,1,38,-332,-711,257,-377,-521,40,-1121,-680,43,446,2117,-800,-852,-355,-1166,-21,43,-91,2486,427,133,-370,-79,46,-243,1088,160,-238,15,-886,180,-174,-72,855,-714,3083,406,-108,-84,1757,-18
5,-83,80,1257,242,-5,518,-64,444,923,1058,-263,792,-595,-5,65,-189,290,1344,46,-167,-177,-149,-261,257,2136,-162,-556,556,116,42,-170,102,444,485,-482,-146,17,-1646,924,323,398,-2721,-704,6,64,-13,-364,-2,1088,207,-34,-176,933,972,-174,38,-623,66,1639,319,-206,-70,2100,75
6,-139,159,41,112,-15,1368,25,-603,-817,-924,101,-1614,-1217,-95,112,126,-38,66,-153,141,-90,-108,-367,257,303,-165,-46,954,-7,-322,112,535,834,-750,44,-750,133,302,-1493,-589,347,290,292,103,10,-101,156,104,-852,-25,215,30,-129,818,-14,-812,799,1260,55,259,-11,-102,543,-39
7,-1094,173,1221,-25,-103,-1402,217,-105,148,-822,219,1168,877,218,102,104,-59,-186,212,200,1056,39,177,-1,745,-235,-99,-1382,38,-602,108,254,-267,-907,-584,174,371,126,222,-7,109,755,87,32,-1190,-51,573,15,994,-14,574,-125,-1229,-354,507,1090,-433,-122,658,241,166,111,-1115,-31
8,573,85,-147,130,83,1002,-1036,-455,67,1428,-304,-582,128,68,-99,44,376,472,166,-1232,862,-505,381,-11,-1856,45,-244,342,-108,-100,43,310,273,1536,608,-1344,-288,-1310,-502,90,-985,2350,150,-181,-540,-97,-24,-51,-1558,-455,-72,158,-556,596,-123,-580,291,-116,-916,2141,146,227,-829,49
9,261,396,-1809,-2,-87,598,-119,76,332,704,-596,48,-1209,-61,-195,-475,275,870,266,286,-767,262,180,-99,1224,-131,430,-1051,-261,-1253,-740,-772,124,1528,166,300,-35,-954,-663,-932,-1198,-524,-2,152,-198,108,-598,114,2799,231,-91,37,-1121,10,401,626,-837,-764,-1084,95,-144,-78,-1296,44
10,795,130,-557,101,54,112,98,-271,41,-652,58,790,-624,-68,-301,-520,-321,710,-152,-343,464,-540,-200,30,-524,-242,-343,146,-97,403,15,-176,-359,1238,1246,946,372,-1152,507,-156,-727,-2724,-672,892,1134,115,-284,-161,-1430,-177,27,-103,-1427,-246,-6,196,166,766,719,1274,126,18,-2342,88
11,252,-243,2490,-96,-54,1084,125,115,-464,592,-267,-588,603,-62,-100,383,-95,-836,-101,426,600,554,-73,266,330,132,49,1594,133,220,566,597,-252,1739,-1480,296,-377,324,190,56,-496,-405,-439,-816,908,90,57,-61,1388,46,4,-288,228,1324,-70,-848,1161,314,-1672,-696,8,285,791,-159
12,65,155,3027,65,188,-578,563,269,-328,-334,58,1772,-766,-2,232,327,769,-1272,39,909,587,222,-49,198,1091,-74,142,-1255,-199,902,322,496,270,-652,414,-964,90,1248,536,-814,595,-915,150,371,-650,56,-1,-25,1924,-151,5,125,-111,-558,87,-404,-1657,676,295,-1068,-44,17,-1440,-160
13,-279,-177,663,-217,-67,-174,234,569,-365,-800,81,500,450,31,-335,460,534,-1744,-147,702,-760,-349,83,103,-679,165,341,-210,73,-394,162,137,260,-2019,1496,-1910,-305,570,-1630,-356,-325,-790,439,-1172,736,-101,147,167,-1698,-219,-148,85,1266,598,-151,332,36,1340,-431,-437,236,-99,-809,-39
14,-587,135,2213,-226,-8,-1902,492,182,87,-2358,-337,1608,880,37,392,430,628,348,147,-10,1030,397,-429,-332,-186,-25,-61,627,142,687,619,-347,-64,-1218,1010,-1980,-298,404,1562,-531,1647,-118,137,-1845,-4,-53,-158,-93,-490,129,-69,146,824,-286,187,-38,-378,-10,1547,-218,-333,257,10,22
15,510,-102,-819,-86,158,-248,412,-374,735,348,-267,652,151,-108,126,104,370,-440,357,-97,-154,-123,221,188,-116,111,163,-1707,61,-2191,211,-67,-364,-5,-960,-1052,445,1740,197,-333,315,510,332,414,-378,172,183,215,-166,185,85,-30,1355,32,164,174,-496,-620,-1560,-461,-49,-65,-22,207
16,-151,-104,506,185,-81,-906,367,-287,-225,1124,190,388,1585,145,186,-376,322,646,-212,-839,-646,849,-12,-125,121,-105,70,-2043,152,-217,-259,143,-505,-343,-258,618,67,-134,-818,1118,317,-1681,-106,227,406,121,-112,-301,-1724,109,-160,244,-438,-394,-105,988,-1563,-2192,-1358,244,90,-219,-571,203
17,-132,-162,378,-189,-13,-104,138,-383,-1177,-1120,344,202,811,98,115,535,-271,640,-88,482,-119,170,-174,149,-488,-4,20,66,82,-970,-251,649,260,442,1126,1184,27,842,-901,105,-739,2235,73,646,-932,196,125,-7,-1729,-123,46,258,250,1912,-345,-1524,-865,928,189,-283,293,-75,-1560,136
18,-253,135,727,-47,141,-1772,-593,-813,-841,-336,131,-176,106,2,119,315,-207,346,-365,-1118,-809,-468,66,-287,-1168,-245,145,-2095,232,948,-293,162,-101,1134,-174,240,-132,-1258,126,-595,-404,-285,258,509,-426,84,301,11,2174,-34,85,63,-1318,-308,232,-1320,-303,-962,-526,1239,224,444,-2052,114
19,-103,16,1100,235,-27,-618,88,755,-224,-960,55,-1854,167,131,-236,112,-381,1252,-186,549,3,722,-7,-85,-386,14,-281,273,-144,968,-157,-593,-262,446,482,1000,-560,-896,76,-398,-191,545,207,-669,-370,2,-30,-89,596,-24,91,-21,-1354,-314,-299,1078,210,1092,-396,744,-132,102,-508,-87
20,-393,-17,2988,-6,-267,-188,-72,448,1063,278,392,-494,516,-129,227,-235,-764,-1224,-343,-92,-794,-549,-16,-345,-161,56,-70,179,59,1014,262,427,-121,19,-1008,1424,-464,-84,1844,-249,-1013,-492,-155,-495,-158,-47,-120,22,1195,-151,64,-163,-1719,-902,274,-468,446,630,-2097,-953,-256,291,-2157,-73
21,-544,273,-176,-208,24,-246,-408,93,-22,-1154,-74,-740,112,-94,43,149,190,1584,-436,513,-1173,11,-181,-203,805,116,-118,696,-16,-1256,124,369,9,5,166,108,93,-364,1229,-186,-63,-2018,-51,1068,664,-4,283,18,4420,77,-356,67,1352,-398,7,-1168,749,852,2088,326,128,88,1779,33
22,-345,74,-924,-48,9,-1414,162,-256,-214,-196,28,262,263,59,-235,-192,409,310,-129,-228,-1037,-105,-127,-57,411,-144,300,-117,-26,79,48,-696,41,-737,344,768,337,-1640,-149,66,-538,-2082,-68,92,1502,-9,-221,104,2559,-98,-250,232,-122,446,308,1590,-570,-1070,-477,-1017,110,190,-2855,32
23,2,125,-810,25,112,1170,-952,-597,-405,-1548,-140,-2090,410,-92,-11,-139,-38,130,85,559,674,-1634,-6,-103,-125,211,-458,2255,52,686,515,-884,-99,445,1306,-360,-172,-2630,133,381,-1447,1004,-343,-905,-1122,98,124,-191,-1167,27,104,48,-701,-562,-133,70,1319,276,508,-324,52,497,307,192
24,101,377,781,12,74,740,338,-502,-226,878,-50,-738,172,-8,-83,-138,-36,-868,-132,72,-1128,728,9,-57,1641,2,200,601,-28,-770,-198,14,152,29,-1642,1102,315,-1500,-234,-618,-625,-2433,274,-481,888,-25,-549,-63,1174,329,63,59,-1142,-182,166,-358,-1265,-122,610,-1195,-20,-295,179,-111
25,-41,-190,-1641,-14,-120,476,-11,-137,-492,1558,-543,234,177,21,187,-102,-44,1444,5,-19,109,458,4,-307,441,38,562,70,147,-489,283,-227,-425,1170,684,2230,-284,-1000,-413,936,-941,-49,-351,-285,-1474,107,41,-65,-313,93,-163,265,-696,700,23,-316,121,-1678,-401,-183,-192,350,-400,276
26,384,-175,501,-51,-36,-72,-152,71,-118,680,-77,454,-593,-13,-94,-111,-96,728,-207,-63,-365,-49,271,-43,-1672,51,-213,80,-81,244,-626,510,301,1592,278,634,-402,52,-375,19,220,1146,-45,-74,-92,-165,-438,105,-1486,-118,-336,225,355,1728,-371,-1364,-421,148,1911,-123,-77,-325,519,-167
27,-459,40,-282,336,65,1062,110,-746,-444,-478,421,-176,-482,156,140,17,-94,562,-200,-333,359,304,-3,-22,922,-96,130,-1273,75,345,304,-89,-445,372,60,190,568,-236,-299,56,-492,-2637,-858,798,412,13,270,124,-2046,297,444,-84,291,-694,-221,-746,-869,-80,1241,311,116,139,1675,-260
28,877,10,-1050,60,133,890,-604,132,-537,1734,-150,-1218,-876,-41,-285,375,340,1498,-18,332,-133,498,217,362,-580,85,-142,-799,-80,1088,-130,-341,606,-430,1604,574,-144,-786,322,-349,-123,-345,-437,90,-1546,97,33,92,-76,4,-98,-67,-890,-116,-323,162,26,-84,754,1451,-206,-436,-620,49
29,-343,-46,-3420,-127,-185,1992,418,-207,947,-882,164,1764,352,-107,162,-44,-190,924,210,384,1471,315,83,109,-1031,79,136,-735,-41,-265,572,255,316,-2769,1460,-1502,8,1242,-707,395,889,-196,62,-592,306,-103,-100,61,-4025,-366,-36,-303,-860,-360,28,282,-373,584,324,1040,29,89,316,9
30,-378,-31,688,109,-100,596,-50,-367,-362,300,-340,1170,-710,3,-108,84,-85,-130,-69,178,-230,333,265,-442,-703,-44,277,-927,-1,-354,133,16,363,171,24,-446,232,-166,78,-142,180,-260,-672,198,-958,4,429,-73,50,-110,-220,311,-1324,-1358,-126,-942,578,-548,3232,598,-219,-108,742,-45
31,-1191,95,4028,-149,63,482,101,-243,-250,500,101,166,399,165,564,-64,-225,-428,-149,-312,-1187,454,305,8,-32,-45,-519,486,174,-567,-222,-104,-266,2046,402,30,74,-1280,-348,-357,109,-1486,-247,-571,464,273,337,70,673,441,83,82,-225,752,-46,-954,-171,-1716,-20,-55,154,-36,-1587,156
32,-639,-137,244,52,-238,296,6,0,189,150,612,476,870,310,195,148,-80,476,-114,168,160,533,-259,-259,-317,73,306,1664,-69,410,404,-315,18,789,46,1172,-420,-12,236,405,-255,1277,-596,-1543,886,-122,-154,-210,-1080,-209,83,72,271,1532,94,604,261,172,1307,-308,46,247,519,-176
33,1362,-232,-1465,-6,74,-1250,-663,550,-336,-68,93,-1058,-265,-105,-202,-98,1,12,202,502,602,-636,-173,231,294,-89,-499,2285,-11,757,-639,127,-341,-201,-760,-352,170,-812,839,231,-919,784,1276,-407,570,-63,-106,-38,2472,-379,-316,121,492,394,18,1834,-435,1096,-4478,-608,177,155,538,113
34,120,241,1004,-96,-17,818,146,304,418,514,-251,-1096,1058,14,-179,-215,305,-2004,-8,-714,7,-179,-51,-115,-1352,216,311,-564,-147,-1084,750,383,-39,-302,-1260,102,95,-346,-1021,-685,1209,-637,-613,126,552,-43,264,-26,-755,-300,313,127,-890,-794,137,-648,1185,-1712,1906,-222,-104,-1,-958,-74
35,-17,-38,301,37,-9,-574,-200,-191,-329,474,259,438,18,200,133,-172,-407,316,-73,85,-520,-18,-121,-308,-495,-152,127,2300,-7,1037,8,-197,-12,-679,-1236,952,62,-1688,394,254,-1362,1692,-517,79,228,-4,-175,-279,-2439,-233,69,137,-451,1116,-132,438,43,-1216,1212,960,-32,11,-2599,65
36,-261,171,-767,-325,106,-162,-87,326,17,666,-345,774,-330,-54,-69,-260,46,-274,-40,117,-1598,-234,238,-12,1087,28,238,1367,59,-190,-836,459,-297,-917,-1854,-702,173,-578,291,-33,822,646,432,-84,-928,-6,2,-141,909,111,-147,45,1629,-596,89,-824,-396,-514,1881,-795,-2,-359,780,-26
37,-627,17,-855,103,-79,-1072,179,-375,1108,-786,20,-280,-948,-44,376,-148,-438,534,-83,485,-803,399,316,-290,234,-159,-272,-2420,128,693,-350,12,-268,-247,746,68,-335,1132,-980,52,199,-1874,-214,-340,-1206,141,232,96,3735,477,-85,-201,-511,-928,175,1322,840,-370,-220,-896,28,-52,-110,162
38,86,-79,-2199,-27,-125,362,-60,164,804,284,69,6,-894,-80,-413,-85,-306,-434,19,130,-1555,-136,154,-242,803,110,526,1677,63,-819,-180,-517,-55,-1209,-1440,-420,97,-1814,-650,-271,-414,91,-93,71,552,-9,-548,115,-502,-140,-399,93,828,122,-270,528,712,1170,2603,-394,-63,-57,1701,-88
39,-56,-333,289,-55,164,-554,725,15,-941,-298,-192,14,1494,8,-376,585,408,-1344,387,-351,1086,0,-122,467,255,183,394,-922,27,-902,380,-475,23,532,218,-688,-316,898,351,-486,1857,1195,218,-1343,-358,204,92,-181,-2399,62,126,35,1144,936,10,496,-742,814,-1372,-575,44,321,1468,-77
40,470,-55,-689,98,134,-926,-256,-447,-16,644,204,236,1157,92,-96,132,-42,-82,-196,-515,812,632,147,-123,-917,125,174,-533,-28,2353,425,-122,-88,2785,4,410,-178,-500,-248,-55,-565,366,-392,-353,-708,99,-285,194,2243,292,-169,-23,-365,572,91,-58,-168,-1180,-45,-665,-113,56,-90,-179
41,-252,41,530,-142,-123,952,-6,100,-336,820,-296,-246,-543,-165,-135,-31,539,-8,-8,111,279,-198,-127,143,1328,12,-331,-482,211,37,-296,930,310,-1416,-264,294,-78,160,-1152,337,-1050,-289,-432,109,100,-44,-174,182,-881,-130,-223,-219,450,1624,-94,-766,809,-596,-1373,443,-208,-280,480,23
42,1808,-12,676,110,341,-14,-137,235,-421,442,-169,-624,15,-223,115,297,637,-988,269,-384,547,-387,15,245,-1015,203,-337,667,2,44,-191,452,308,-1050,902,-1326,-125,486,-218,36,742,1675,19,-255,-30,18,-127,-282,-914,267,-40,-29,654,384,-149,546,1095,990,1118,-641,-111,-265,1333,229
43,234,71,-1117,-113,-230,1018,252,470,270,882,-475,730,56,-206,-22,-494,258,518,294,372,-1156,-207,66,108,2992,-15,340,491,-167,-484,-363,-800,-14,225,-1074,866,-62,-956,1163,-409,-1045,-1160,-176,-743,742,-16,-40,205,1856,669,237,-250,-107,312,34,82,-163,-614,-2861,-1191,-630,99,-197,-39
44,219,195,3441,-214,93,-456,-133,480,-413,436,279,140,-400,232,-140,364,-30,328,-170,-479,237,939,-394,-493,-1102,41,-266,980,148,1251,331,-575,-100,642,194,1428,-166,-1026,678,-137,310,-231,-18,-856,706,-132,48,41,-606,-168,50,-18,-32,-320,-335,-1190,833,-1370,1102,938,-56,-300,472,-51
45,-723,117,-669,-129,110,-6,54,-331,-262,-274,97,-702,377,150,-47,-115,-12,14,-50,207,-243,-511,-208,-189,-150,232,-200,844,-96,703,-104,-191,-240,2081,1132,1144,-74,-184,-484,329,-807,446,-552,1422,192,158,-66,21,2122,353,-73,-152,1215,562,-195,-830,992,-368,2971,212,28,79,-1266,211
46,-53,-103,-2572,-366,-84,2456,-489,-79,-10,374,127,-732,132,-74,18,-131,-368,-2018,121,340,-849,-1218,181,35,575,87,-318,1097,-228,-847,-18,-68,362,-1011,28,-488,-23,-378,584,-360,-557,-27,-429,1170,1782,29,9,29,1317,135,-95,-80,799,272,-178,-274,-378,-734,489,-487,322,36,-1511,62
47,37,-40,-782,-215,-157,-892,-529,-336,-135,548,11,-898,-1125,164,249,157,322,238,-117,150,-290,-71,72,-324,-668,47,115,-1579,21,138,81,34,-44,1321,-384,252,-534,-908,690,-76,-1134,-1069,-103,595,214,-84,75,8,1107,45,-113,33,945,-630,-295,346,927,-2200,1752,1491,-100,99,181,-67
48,7,54,-2579,170,-128,764,-188,-624,266,328,218,542,-1421,177,-38,96,-1193,-646,-68,502,-287,-291,27,-250,-349,-68,-52,220,-145,336,-214,-422,-96,-1100,-950,-724,437,-920,-193,-757,-1316,1026,-109,438,56,-48,-278,80,-1382,-324,146,-70,-2234,-1932,374,1018,-172,732,2301,-283,84,-51,-1282,-255
49,201,88,1577,32,179,-628,-65,-231,317,-1298,-178,-30,580,120,212,151,-164,500,110,-357,-238,538,-19,-71,-1521,251,155,1228,24,-383,88,-713,-243,2266,-1038,-408,248,-530,-149,615,-397,-730,-435,124,1906,-138,-189,-350,-878,302,95,135,931,-592,-72,202,-424,-368,4104,-464,6,153,1149,-142
50,-353,-64,-1052,-233,-63,-362,-518,173,1062,1172,39,400,-73,123,208,313,-118,648,69,440,-1033,505,135,-259,-1046,215,70,205,4,-1729,-574,-45,-284,-3,26,510,49,-728,1038,74,-85,-74,258,-43,722,-112,-226,168,-1038,45,-37,-237,597,-828,-23,370,838,516,821,1411,-97,128,1489,41
51,429,167,-2228,-62,223,654,62,-372,-334,862,-308,-638,-1523,-28,-372,57,-416,246,102,477,46,337,33,74,-67,12,-42,-2396,-223,148,-66,-865,-299,-242,-502,1418,330,896,176,-250,-670,-1579,499,399,442,-39,133,37,2211,37,137,-208,-448,-770,242,1182,-802,-1430,-2175,464,41,-332,-328,-78
52,113,-109,1508,-307,2,-872,315,532,-165,638,45,-432,-513,-60,139,-6,11,-1370,164,-328,-199,224,-106,6,148,36,-460,-393,175,51,-379,-113,429,-621,-1052,336,37,1662,533,82,907,1778,34,205,-1068,56,-107,88,2311,67,-197,-61,358,-66,-205,950,483,-2234,416,-893,-79,-85,-541,139
53,367,15,-1742,277,-52,466,-512,166,-273,-1014,-157,-342,-366,10,87,120,684,2158,99,281,-354,135,-482,-206,-956,-59,71,528,42,-21,164,-552,88,-709,1982,-1282,24,-418,748,241,672,-468,-27,-152,918,-7,65,-81,-1945,39,-25,241,1853,596,2,1728,801,814,-1087,300,-283,40,2281,188
54,355,76,-416,39,-63,364,234,-140,-1103,-1388,227,-770,550,-175,-210,217,315,994,-113,-238,1004,167,-470,-11,405,-127,-7,-1912,-71,-772,-361,734,132,1056,-392,-354,36,2082,-391,-223,549,-78,564,1528,602,-93,-204,49,-120,28,39,15,170,-204,85,-576,-1632,1028,-549,630,74,189,533,-104
55,-71,125,-631,-194,39,-1836,-51,-832,-618,-1268,-229,-1074,-507,-27,-107,360,875,308,-145,-981,-369,190,56,101,-416,-135,449,-1992,220,-56,-239,-747,32,-989,-552,-230,-240,496,-1259,-32,57,-65,455,210,1344,90,-141,-1,2209,285,226,-70,-1129,146,257,-114,-980,-1058,-229,-24,242,-125,-1446,-117
56,-28,159,-1020,-80,95,766,-20,-415,-583,-1278,-92,-1946,440,125,-221,211,415,936,88,-662,582,-80,76,145,-1423,16,462,-1783,-203,-1288,-34,-249,159,204,898,306,-70,228,-1026,-600,96,1111,-300,489,-1782,224,65,-98,-1409,91,465,242,-371,328,136,-1304,-321,-300,573,-252,251,215,-2137,-68
57,-612,-236,-900,-260,-252,1384,-193,103,-514,80,149,-172,204,-40,290,43,191,1782,-153,86,-461,-149,38,531,247,-59,-552,1216,286,-860,-316,895,388,1663,1124,-742,145,-76,949,338,1300,-2286,199,-266,-934,73,483,174,-675,126,-132,197,1845,1260,-271,-778,567,-838,1698,-112,199,14,1188,249
58,149,-177,2644,-355,-6,-1206,583,187,-340,-1936,-85,-490,-94,65,109,233,-494,600,-164,-386,40,420,-371,-46,-108,-252,-110,-911,322,-467,265,-226,41,3303,-46,2072,37,356,823,-488,921,-1071,303,-352,290,-115,196,104,2037,-113,-332,143,1640,-278,-428,-1844,-718,-580,-202,-232,9,517,332,-82
59,272,-2,-2358,163,113,1448,-332,-457,119,2270,-72,-690,-982,118,-258,-110,291,-1594,198,-52,506,-347,259,-10,-858,165,-264,-411,-45,-164,333,434,213,225,-252,-2,187,-906,-199,147,6,-58,-462,333,-1382,100,-136,-52,-835,-196,-47,-96,-281,432,-2,1730,959,-1006,624,468,206,-67,983,6
60,474,-69,-62,172,-50,-900,-403,255,976,-958,389,-754,-345,88,373,-171,-771,876,65,-155,218,-267,-27,-18,-966,-132,-784,260,65,1560,-118,287,223,-732,428,152,382,188,735,102,-60,1168,-1,-43,442,-138,17,41,-384,15,-35,-96,827,264,-33,910,35,1106,-278,332,-183,-41,-420,-83
61,651,-103,301,233,160,-832,-606,173,653,-42,422,-694,697,235,355,-44,264,-1062,31,-331,157,236,446,-369,-3055,93,-90,-129,-115,-758,-75,702,126,-272,736,718,194,-686,-667,614,-386,693,-30,167,-530,-23,187,-248,-2227,-115,0,377,-1558,-766,-258,518,-447,334,63,450,187,-268,466,44
62,43,68,1091,90,-183,462,603,141,-43,104,99,-1012,1530,30,-117,-245,449,712,-24,-915,162,269,-98,-228,228,-52,335,-1275,-2,-1311,27,625,236,-2071,-238,760,-288,-120,-714,346,277,155,-148,-210,-262,128,-67,-275,-473,51,-145,-52,-1861,922,45,-512,5,-292,-1264,400,-33,7,-22,-21
63,-26,-78,2225,3,-98,-844,35,545,-540,714,320,104,760,-1,81,317,-336,2620,-179,-235,531,327,318,-60,-564,0,-399,974,24,752,-61,255,363,242,822,-794,-1037,-1290,-14,96,649,3556,460,-559,-414,166,505,85,683,-113,-317,70,-883,760,-169,-656,538,-600,-48,-355,245,-414,-1408,56
,
