q_sum,0,1,2,3,4,5,6,7,8,9,10,11,12,13,14,15,16,17,18,19,20,21,22,23,24,25,26,27,28,29,30,31,32,33,34,35,36,37,38,39,40,41,42,43,44,45,46,47,48,49,50,51,52,53,54,55,56,57,58,59,60,61,62,63
0,17409441,2037428,157474140,1857550,817426,62894952,8177797,11203555,12597798,42507520,4237400,50129836,42981229,725308,1910042,4956707,7705767,69004076,1810504,14362769,28265971,17350167,2027927,3625510,72190198,720810,7604095,67107851,1465687,38878373,7774912,13468670,9719744,77733155,53037744,58483288,7147600,58596608,51407357,10450877,26010904,134109363,13292233,27233602,42917996,665210,4009137,1627188,144572744,3280845,2739173,2590851,60153434,51042440,4051704,50410320,39775115,56741124,141025476,44635727,2181777,3326651,96952879,859105
,
q_max,0,1,2,3,4,5,6,7,8,9,10,11,12,13,14,15,16,17,18,19,20,21,22,23,24,25,26,27,28,29,30,31,32,33,34,35,36,37,38,39,40,41,42,43,44,45,46,47,48,49,50,51,52,53,54,55,56,57,58,59,60,61,62,63
0,1422,514,3786,531,335,2452,936,979,1332,2162,598,2780,2506,255,439,735,921,3104,448,1111,1631,1291,552,787,2314,250,1063,2812,451,2098,765,1064,904,3795,2248,2982,795,2552,2316,1051,2114,4343,1228,1790,2400,342,651,385,4435,561,503,680,2282,2224,611,2662,2137,3306,3241,1765,415,535,3276,309
,
q_LOD,0,1,2,3,4,5,6,7,8,9,10,11,12,13,14,15,16,17,18,19,20,21,22,23,24,25,26,27,28,29,30,31,32,33,34,35,36,37,38,39,40,41,42,43,44,45,46,47,48,49,50,51,52,53,54,55,56,57,58,59,60,61,62,63
0,10,9,11,9,8,11,9,9,10,11,9,11,11,7,8,9,9,11,8,10,10,10,9,9,11,7,10,11,8,11,9,10,9,11,11,11,9,11,11,10,11,12,10,10,11,8,9,8,12,9,8,9,11,11,9,11,11,11,11,10,8,9,11,8
,
q_exp,0,1,2,3,4,5,6,7,8,9,10,11,12,13,14,15,16,17,18,19,20,21,22,23,24,25,26,27,28,29,30,31,32,33,34,35,36,37,38,39,40,41,42,43,44,45,46,47,48,49,50,51,52,53,54,55,56,57,58,59,60,61,62,63
0,-3,-2,-4,-2,-1,-4,-2,-2,-3,-4,-2,-4,-4,0,-1,-2,-2,-4,-1,-3,-3,-3,-2,-2,-4,0,-3,-4,-1,-4,-2,-3,-2,-4,-4,-4,-2,-4,-4,-3,-4,-5,-3,-3,-4,-1,-2,-1,-5,-2,-1,-2,-4,-4,-2,-4,-4,-4,-4,-3,-1,-2,-4,-1
,
q_scale,0,1,2,3,4,5,6,7,8,9,10,11,12,13,14,15,16,17,18,19,20,21,22,23,24,25,26,27,28,29,30,31,32,33,34,35,36,37,38,39,40,41,42,43,44,45,46,47,48,49,50,51,52,53,54,55,56,57,58,59,60,61,62,63
0,0.125,0.25,0.0625,0.25,0.5,0.0625,0.25,0.25,0.125,0.0625,0.25,0.0625,0.0625,1,0.5,0.25,0.25,0.0625,0.5,0.125,0.125,0.125,0.25,0.25,0.0625,1,0.125,0.0625,0.5,0.0625,0.25,0.125,0.25,0.0625,0.0625,0.0625,0.25,0.0625,0.0625,0.125,0.0625,0.03125,0.125,0.125,0.0625,0.5,0.25,0.5,0.03125,0.25,0.5,0.25,0.0625,0.0625,0.25,0.0625,0.0625,0.0625,0.0625,0.125,0.5,0.25,0.0625,0.5
,
q_seq,0,1,2,3,4,5,6,7,8,9,10,11,12,13,14,15,16,17,18,19,20,21,22,23,24,25,26,27,28,29,30,31,32,33,34,35,36,37,38,39,40,41,42,43,44,45,46,47,48,49,50,51,52,53,54,55,56,57,58,59,60,61,62,63
0,-795,58,-1288,-210,-181,844,438,403,677,-252,158,-1134,801,144,-171,-153,-422,-846,-67,474,887,221,-72,-787,-918,-2,108,1044,-51,-792,348,595,180,-166,-1580,1080,68,-326,-1225,149,-560,2002,-54,272,-1246,-186,-158,-65,-2474,-329,-47,-128,-410,-246,32,-1172,820,1690,2673,1199,62,23,1322,-41
1,252,114,657,27,10,1162,-533,-70,6,626,-400,-1212,631,-134,40,123,-54,142,129,-1096,896,-393,-144,249,345,-166,-140,-857,349,1223,182,-106,23,2221,-776,0,-322,-596,1111,406,505,100,400,-309,178,-146,-122,-191,1129,105,264,-291,407,1136,486,102,379,-44,-1580,-508,-104,535,1048,69
2,-811,-440,-319,73,-44,-562,449,97,-328,860,364,416,201,33,324,-248,-309,654,-448,1009,-358,1116,279,-179,284,49,123,-450,-137,-152,127,451,-167,-109,734,570,146,846,-430,1051,-95,-2104,401,1070,-718,38,649,339,-1428,163,-215,365,276,-1134,-392,-858,-1217,-1242,399,-594,125,-297,66,92
3,-288,-113,1299,-65,-53,-1608,-88,318,1025,-266,23,226,499,8,-108,198,315,-2,237,-380,-180,159,143,177,54,27,93,223,135,607,273,-536,-11,174,-732,848,-165,-550,-430,438,105,-455,-208,-117,1498,155,-128,147,2161,96,-57,-162,-221,644,-7,1018,-1183,460,-401,296,-143,37,-1203,-51
4,282,-78,-722,-204,-19,540,-228,808,-23,202,-124,2,-208,-29,-103,110,-457,-1142,-200,-530,-1021,845,257,-185,66,21,-293,1180,209,905,46,-459,155,-1459,360,238,110,-992,-139,-150,58,-108,-729,-702,-342,-60,-28,219,627,45,11,108,-457,-6,-114,486,-171,-390,2307,-1695,-14,-93,-569,-93
5,387,81,-1229,106,-20,1232,-609,182,390,84,-330,-788,-106,63,-439,-262,140,806,5,69,-1164,-109,-79,-17,582,25,484,-1715,-118,-1029,-43,-385,576,36,1160,1440,30,-2156,-414,-394,-33,-1615,-803,106,542,5,17,-11,1984,312,-57,123,1303,-256,-124,-1056,-1100,-196,1444,-560,-315,-144,612,-63
6,948,95,-945,323,73,-42,-122,-308,-143,-684,28,256,-1204,-180,-66,80,-201,326,-229,-101,677,-302,-177,-311,65,-49,-25,-2812,110,859,218,496,14,-928,224,-338,93,1816,193,-327,23,148,35,-47,-2224,43,-122,85,1268,-288,-333,28,-1949,-1020,356,316,647,-428,-801,-656,-163,45,550,-225
7,-916,254,146,101,-98,1818,-219,-231,-359,640,-258,-864,338,208,97,-285,-303,352,23,581,-1109,-316,220,289,1940,-46,46,1208,68,171,-473,-533,152,862,-4,758,227,-1292,-1456,-249,-980,892,-40,-123,268,-43,239,230,1346,218,262,10,135,714,-181,-2036,649,-1764,1314,414,-79,-159,37,90
8,364,-171,-1130,210,151,-80,-388,148,395,1272,62,-1488,-1120,-16,-278,-469,74,-1446,-243,752,-156,-394,138,100,-308,197,35,-891,-451,691,-301,439,-181,537,364,890,-4,1708,678,71,-336,-2216,-80,371,-806,-85,205,-203,3201,-100,-55,86,282,-2224,251,110,-395,640,-2272,-1261,122,-217,52,-178
9,359,-178,-1702,-39,-9,-1416,-708,-168,-419,-90,-105,686,193,167,-124,369,258,430,-174,-360,385,155,-30,-383,939,85,-298,543,145,271,207,-132,-439,286,164,-178,-41,-978,782,-39,-297,1300,-585,-237,-906,40,187,-30,305,-44,-161,137,496,-1646,47,-588,-215,1600,975,-545,-2,305,1952,-255
10,82,-65,-1633,69,-26,-984,82,-293,-2,-2162,377,-1610,544,79,0,72,-194,-1564,-269,-627,-93,-602,-140,-21,-1765,5,199,-788,12,309,295,-262,58,-240,454,-530,252,628,-1065,-454,-1164,1398,205,483,40,2,-470,-46,-143,-221,1,125,-462,-804,75,816,-272,674,-6,-158,175,481,-2921,-10
11,-130,-41,2017,-230,-71,-1018,237,-356,-277,1436,-22,1090,525,11,220,-72,624,526,136,-69,227,550,13,-161,830,-179,481,956,66,330,14,238,526,489,-110,1320,-326,-798,-445,395,-625,2119,126,644,-562,30,-227,299,883,-233,-358,99,-681,206,-117,-654,-1668,-1138,-1030,-420,-232,193,-1133,-22
12,124,68,-498,-74,-215,1538,-401,568,-1054,892,-357,474,80,-93,-290,-106,-227,1108,-130,-186,-1631,-38,258,317,1699,-120,248,-189,53,345,-401,-293,26,1395,38,178,83,-64,-344,123,30,-963,-296,-402,1140,93,292,66,-511,98,-19,232,1407,506,-99,-688,-454,-764,-231,-124,29,-191,179,-20
13,-280,17,-2083,-277,125,-600,-228,43,-469,112,-85,1294,-1564,-200,-35,330,-177,226,-218,-316,-1205,-472,80,209,-113,55,-430,-164,10,-743,-314,-234,-687,-724,-342,-1098,179,826,1625,217,106,-2544,418,1093,178,75,57,-43,2374,267,-38,-219,964,-128,97,796,2137,-322,323,1765,415,-20,-626,280
14,-312,260,1381,-245,-19,-810,186,581,495,-88,72,-628,-415,17,334,-334,676,2328,119,99,-122,136,37,-50,-885,134,-336,-757,-60,-866,-765,89,234,3113,-456,628,-740,270,-154,-175,2114,846,570,-345,-1028,70,16,105,-1708,25,-1,-184,-1293,-512,-144,-430,-26,-826,564,1429,-245,-38,2001,44
15,-332,-69,-235,-169,-150,312,138,427,-23,-292,598,1412,-494,106,-217,383,-625,-206,-9,796,-24,-506,-114,-92,-864,47,-527,-165,40,421,-54,107,451,-272,-132,-272,161,318,203,-23,472,896,850,-1226,32,-183,80,153,729,-287,-119,-297,-311,532,-60,1098,471,-298,2228,862,162,-57,-308,-9
16,58,453,3104,235,91,486,88,-38,134,900,-351,60,-233,-174,-179,-201,81,1382,161,-79,640,50,552,247,767,13,76,295,21,846,2,-117,188,771,354,-324,-84,-134,-1172,427,-211,1100,-398,692,-520,203,-46,85,699,13,64,-125,-1730,-634,59,92,-294,-218,2798,-525,-26,-296,-660,35
17,462,-3,576,434,-73,-664,-367,409,-232,226,388,40,-1003,-98,-97,189,-346,1938,-28,180,983,233,-217,295,654,23,-512,-904,-92,525,149,356,251,-307,664,14,104,1094,673,-115,786,143,455,273,-844,1,226,116,1816,-183,-138,142,-1043,710,232,1414,413,-200,-329,569,-163,-296,468,-103
18,-1203,52,368,105,-335,250,142,806,604,-146,511,786,1449,255,193,-119,-320,802,-21,728,665,990,10,-528,1154,13,-411,1026,-36,1200,413,-13,-204,-1291,1344,576,-363,36,-124,528,295,1121,-224,-888,-1424,110,150,188,-2760,197,266,-82,-400,-1082,-333,246,-515,-804,381,91,-67,-304,122,-15
19,265,148,-903,161,25,-316,-788,319,-121,682,-23,348,322,222,68,223,-242,2254,-254,66,1279,554,-169,5,-231,-54,-1063,-558,45,858,277,-114,36,480,724,1124,318,-1630,169,475,-335,197,-187,601,-62,-152,343,196,305,-145,27,-190,-813,-1790,-12,-70,676,-946,656,1494,-42,-270,1577,-89
20,-87,-257,1296,-28,-86,-2452,-209,-255,85,374,2,296,1424,33,-33,275,682,884,-261,-1111,1002,883,237,-131,-77,-20,347,-1272,125,351,417,366,-93,1401,70,1382,-501,286,1060,775,-263,-395,-1002,706,-904,86,-171,73,701,64,-272,55,-1114,-320,16,-620,-237,-390,1701,-114,-106,338,970,-229
21,-164,30,344,-28,24,-524,-181,-175,118,1052,93,526,-841,127,191,-344,-85,-838,-81,-233,-97,-402,247,-84,-1138,-14,-220,-398,-164,572,364,-77,-267,186,60,1878,323,-990,212,-25,91,-618,-278,448,120,34,370,-44,-671,-253,-8,123,-1525,-1316,-112,-198,-224,-1108,-700,1169,-29,-246,-1509,-17
22,-28,-269,-91,41,-37,498,280,128,729,-466,329,132,-516,189,28,-261,-195,-1390,187,-244,334,798,-329,-612,-1727,-192,-159,32,-76,-727,339,288,-65,-329,-132,1468,511,-184,-889,125,677,-596,-1228,436,-344,-83,54,-41,-2137,-45,126,132,624,578,-267,686,315,324,-422,454,-87,-10,-1211,-15
23,-174,-6,-3786,-124,42,836,-45,-354,117,14,-63,-2780,685,144,-183,73,-54,-908,133,-195,284,136,114,-37,-1082,-49,99,1253,-13,-260,275,235,44,-557,-1422,962,461,-2,-1331,349,25,687,-320,567,174,-113,85,-198,-271,-152,244,21,1255,404,-35,1292,-621,1076,1778,400,389,44,33,-13
24,603,-170,-566,181,-125,1376,-135,791,-236,696,-290,-1544,-746,142,-258,14,-660,70,58,13,425,857,-124,-194,70,-10,-182,-1293,-12,-224,506,-286,696,403,1418,926,-139,-316,-755,-416,-333,2030,-517,-515,-2400,-20,82,166,-2156,-86,-165,283,756,934,-451,-190,922,-388,-926,169,-357,-256,21,-27
25,795,16,-3021,170,19,1018,-18,682,184,-974,144,-750,-310,-52,-38,-147,-247,348,125,364,-187,-681,56,132,421,-63,-186,-1450,-153,870,159,-479,-271,-19,2110,286,-97,-426,764,-432,-60,-388,639,-252,-182,-26,235,14,431,180,259,-85,2282,-292,-474,776,108,1308,-2918,843,-25,317,-939,309
26,-67,2,-2803,191,-14,-1136,-307,-524,-537,-138,-24,-600,236,-153,-94,82,312,836,28,513,-232,369,269,261,1206,102,123,-747,-190,-1192,-545,67,-318,-1823,-164,-1220,65,728,-1002,-31,501,-422,496,257,-106,-76,59,-121,-777,306,29,307,84,-662,411,1328,-1192,-180,746,-1228,336,-377,2341,-122
27,-447,-12,-346,-57,-66,-192,-142,130,396,-84,259,238,-348,70,209,24,-466,-718,-77,60,14,-14,-127,-93,-82,-42,-221,-804,227,1230,210,-32,-286,512,526,-820,-208,2552,-834,-197,200,1423,291,-868,-342,73,136,385,-8,-512,14,-275,-732,264,170,648,809,-1086,-2745,1235,167,282,-517,106
28,-1258,278,-55,-15,-102,1202,925,-402,281,-390,237,-22,-1324,-158,200,-569,-203,-110,-47,792,3,284,10,-265,-176,-95,27,-351,-195,-1090,-201,1011,-60,-3795,-1672,-202,323,1892,-200,32,583,-983,196,118,-482,-165,40,-301,-1000,-393,103,-130,-2125,80,262,1144,-149,-448,-911,970,142,-371,-468,-108
29,116,11,-2588,-222,-31,-20,-294,181,-129,-100,-360,-368,-891,-120,-174,30,-216,1158,-266,368,-96,-352,126,45,-751,-11,119,-845,93,544,-487,-350,-642,-65,416,-268,-450,-566,495,-287,-628,573,866,-667,494,-148,-295,2,905,-124,-108,-217,597,506,384,410,886,188,-908,539,-74,90,21,76
30,-67,-185,-382,-60,-143,292,-125,19,-537,-70,181,-1018,-557,215,71,107,-81,192,-70,-259,-654,259,-159,249,-1986,-12,177,1542,93,8,-605,485,626,-132,466,752,-66,382,-1068,263,29,841,53,-79,586,-148,-34,-34,-3935,-273,479,161,-436,1326,-188,-276,270,498,1063,-925,116,90,-220,-120
31,139,-229,1354,-160,-40,-1290,5,787,327,1126,-177,-2412,-776,15,-292,195,31,-218,-261,-146,-741,1216,-137,148,-111,5,532,-155,66,-763,-455,-83,93,3380,-1166,2982,-501,850,633,-89,-205,-2904,1,28,60,-8,-246,-17,4435,171,63,-42,478,322,0,-902,685,74,-623,-386,83,123,1037,-24
32,-240,276,-2606,31,37,-1770,41,-450,-435,24,-306,406,-1100,-77,12,-370,536,652,-242,407,605,-662,-42,-65,778,-115,168,366,-349,1295,-371,320,-334,-1289,-702,86,281,6,600,123,-1218,-189,28,1396,-396,-32,-494,-139,1470,148,-49,12,123,-1190,460,-456,-762,680,805,-513,18,-318,-293,-116
33,1031,188,932,7,198,-914,409,301,18,654,-29,612,569,-25,-210,-45,367,-994,-114,-315,196,183,55,-456,1345,170,281,-431,-90,27,620,-930,-863,768,-476,532,-100,168,676,-99,-953,954,25,-752,-684,24,-117,200,178,267,225,-310,-421,-1786,-164,-88,1129,-70,-1295,-687,-156,188,820,66
34,125,26,89,243,-67,1360,92,59,551,-364,462,454,133,-45,358,-735,-234,-254,126,398,-863,302,495,232,-127,79,-185,1749,-182,-199,-256,62,283,109,980,-712,281,-246,-848,467,97,-1683,163,-809,98,-94,222,35,-1806,262,110,208,-994,-396,-510,1188,-341,-994,-833,-1265,143,-373,303,-49
35,-747,79,2836,88,-186,-1210,330,-283,-614,598,507,-1146,1456,1,-118,-128,739,376,131,127,-218,-422,-272,293,1779,-22,291,517,81,-132,-345,850,437,-686,-224,754,-285,-636,-1292,570,-174,-234,51,238,158,66,278,80,105,-43,81,-124,-1258,610,112,456,-392,94,-948,-1012,136,39,-417,130
36,49,92,237,-6,312,504,-251,603,-371,108,200,-906,1170,36,44,222,-156,-472,-224,369,488,97,1,98,-615,177,-234,992,-175,-1078,172,218,-337,-691,166,-1152,155,-756,40,-470,59,211,573,1446,1172,-65,580,150,-1431,-230,431,148,-524,-132,-75,-700,369,890,-434,452,273,-334,-590,30
37,-142,-98,-315,-100,-98,1598,-132,480,-46,2064,271,142,465,55,74,151,-357,-476,-115,70,-211,568,-116,-277,102,164,344,896,-250,-1173,353,1064,419,-665,204,760,-528,14,1050,-213,409,756,-121,285,790,36,207,-71,-707,-297,-95,36,-78,244,85,-722,-485,1170,-1069,875,-77,-162,-168,-44
38,-376,-80,3002,-222,-273,-1140,363,-482,338,-630,321,386,-1387,-64,327,-140,44,1246,14,233,-412,-580,-136,61,339,-119,504,1320,168,123,-538,626,358,1439,-1266,1182,-262,1478,320,-287,1063,803,-49,-326,120,10,-201,86,23,-304,-462,105,-622,430,-148,-2662,-93,-148,3221,561,-326,-49,349,-128
39,129,-22,2210,-87,-92,-1782,519,76,571,-926,201,-294,880,42,43,-67,-241,-1064,68,-342,-117,-235,293,-146,-1394,25,295,-1385,-2,-133,293,-785,-38,35,-1862,1048,59,372,-147,-76,-515,1643,147,-595,-430,11,172,-101,91,241,145,2,-1735,-866,-75,-426,433,-1840,-95,-267,-139,-402,-1401,-56
40,382,-123,567,155,7,-840,125,593,255,1176,-236,844,1125,-106,184,-241,-367,1146,98,-744,810,327,-80,255,1601,11,136,561,81,1049,-287,-204,-536,-322,988,582,-540,50,762,978,181,387,-121,-1427,-296,-87,-377,-319,-1571,80,-272,-60,283,-32,181,1538,155,-738,-2656,-415,-239,154,655,79
41,-873,229,1344,-27,25,238,148,-71,-95,160,78,40,748,-28,-167,-93,-163,-666,-260,240,-9,5,38,-164,1531,-59,-163,1575,6,288,629,78,-114,82,-1540,146,138,-354,2249,-66,215,-245,335,-31,838,-22,108,140,2801,187,337,-234,291,796,208,-340,763,640,1745,-343,-69,25,1057,2
42,-452,-60,-1641,-233,-101,218,43,223,384,-222,36,688,283,22,115,294,-921,424,47,642,196,-159,71,-53,914,-3,-498,242,170,443,153,-501,-744,-1193,114,-1164,-621,-1162,445,-83,-82,1763,348,497,414,32,51,329,-305,188,283,-680,287,324,-112,724,1704,404,38,986,90,159,-647,140
43,-603,229,-1924,-84,-81,558,665,-979,445,-1000,-102,-82,210,-95,121,-360,393,-802,264,58,-955,-266,361,285,1386,-109,881,-37,-130,-2098,-442,9,-40,-2186,-2190,-200,340,-38,-1457,166,-689,-1476,480,455,670,54,-651,-229,-843,362,205,29,-826,-30,92,424,-1754,330,-734,-739,211,-67,-1053,-52
44,-356,122,696,-92,-120,188,-84,51,-12,-660,-300,-512,72,-61,188,-609,-96,274,-98,87,-506,-1076,66,126,886,-16,76,80,-160,732,98,-553,-408,-438,804,2066,285,-310,721,514,-1598,-2492,-1025,300,-434,126,-84,-98,-600,262,-96,43,-573,-1690,-44,-374,171,-1002,-241,114,-283,312,-2504,76
45,195,-281,-1123,128,130,-106,247,-161,566,1402,158,344,901,104,-29,56,66,-3104,119,16,788,-608,37,199,-944,148,27,766,58,230,170,342,-147,-294,250,-974,444,1386,-2316,359,-256,1585,20,-37,186,16,-119,175,-805,-561,-82,-87,-339,-1278,177,784,-217,608,833,-149,290,76,-1915,278
46,279,-138,-1070,94,98,1182,419,-339,1332,364,303,-660,-1087,114,-373,-56,-479,-1178,161,465,1457,-140,-79,-142,-1763,62,-411,57,-179,279,631,841,723,-778,622,874,65,908,-1236,-107,1309,-15,-736,-430,-1734,-71,-222,-70,727,-104,-99,-349,512,298,-327,150,1027,700,3241,824,71,-349,863,-170
47,-205,18,-1044,-188,187,-30,78,-281,-597,-964,10,20,-365,-34,-4,22,94,-1854,-21,-784,-354,-72,13,142,408,-136,-26,-1117,160,233,-203,238,130,-510,-866,430,630,352,-1732,323,-408,-3108,-439,820,326,-117,85,20,320,341,169,95,872,362,-265,-832,-1079,-974,792,-33,287,-125,-79,67
48,1422,115,-2147,61,120,1354,-543,71,489,-620,293,1120,-1185,74,77,-223,221,674,249,-56,597,-628,89,59,-141,-43,-665,1311,-28,449,529,-315,-301,700,908,316,-22,-960,1133,325,716,-1282,135,-489,998,74,52,-103,987,29,152,-216,-35,444,-344,1938,950,-1140,494,632,173,147,281,-70
49,15,-46,552,148,42,-892,-29,-49,393,-896,6,-1436,-123,-104,23,-41,-225,760,-13,-380,203,587,68,-40,365,-156,-326,-1167,222,-285,-256,39,-644,229,-600,1946,-346,-64,-303,630,360,-2056,-68,-575,706,-78,426,-152,-941,372,503,-255,-453,260,-79,714,754,1246,-2540,612,-6,-179,1640,1
50,298,-401,-617,-102,77,32,80,327,195,1222,278,-82,-959,101,-7,412,239,-32,-157,511,1169,375,-38,-244,-2104,148,-399,-1218,1,360,-86,771,-204,265,422,274,-334,154,-14,327,539,-250,-243,361,242,-29,70,20,-802,-111,-231,-234,1556,-206,-151,-490,388,674,931,64,197,-114,656,13
51,-340,-48,437,119,-98,156,936,-445,296,610,24,1404,-355,5,-66,-391,-127,1402,256,451,-1207,688,47,115,1451,-239,515,1744,-161,-1214,-477,-338,491,-1121,-1336,454,672,-138,90,250,-738,-1082,-364,698,950,10,-2,34,-209,386,-105,-79,345,420,188,-102,240,496,409,-914,-147,-308,-201,-114
52,-140,-50,-236,-216,39,-688,468,-247,305,-800,-314,-290,-88,-118,-43,-496,294,1916,-86,-12,680,-411,70,108,13,92,273,-378,-81,-172,52,-293,-904,247,1034,480,-397,-196,71,744,-493,-1480,-745,1790,1090,342,50,-92,313,255,-66,-166,990,-1124,-155,-1440,-402,-890,343,-700,198,54,-1984,107
53,179,155,-159,-287,44,-310,-97,362,348,962,56,588,112,27,-9,207,-46,1578,-9,-932,99,-133,73,-160,-1678,250,525,-1932,-89,-1393,-342,-284,-365,930,-768,748,-465,406,1023,-278,667,2073,515,-550,-740,6,-210,-129,-765,-301,-123,-202,-1376,-502,336,-428,617,-796,-40,1545,-64,347,78,-55
54,-396,-63,384,36,155,-1636,538,105,-469,-754,429,652,1196,32,-82,14,65,-684,-141,-19,703,530,-267,-112,1611,135,-416,2027,-12,1269,536,-691,-851,-767,-94,410,133,914,489,436,-485,1569,69,-186,-426,51,-119,7,-1281,-123,101,35,-84,-530,-59,490,-1041,1208,-177,-425,42,61,-134,101
55,657,-514,-630,-6,-101,-748,37,-282,347,-1170,174,-896,440,7,197,34,112,750,41,581,637,208,7,50,-1593,-142,-136,577,-179,-229,290,724,419,-399,1616,1548,176,460,588,360,162,-1139,-66,-473,-670,-209,362,-13,410,107,-367,278,1344,-242,-565,-182,-994,1110,-1819,-453,-63,75,1449,-137
56,-461,229,1668,64,-30,868,394,381,-2,340,52,402,-227,4,-32,-409,56,268,63,41,106,325,74,-195,2314,-196,-165,-106,-249,656,-38,255,59,-55,-652,1476,-496,-1966,166,-642,-330,-58,-544,-610,-1504,148,-353,-71,-444,206,98,-46,-880,1690,-399,-1076,-1436,436,-2741,692,-247,-203,-1522,-159
57,798,83,-1126,316,-38,-1232,35,185,626,-60,194,-290,53,-25,-35,-686,-369,-1022,191,-350,23,-635,-25,261,868,-71,316,-1171,-252,809,-412,-391,-79,-50,-270,674,411,2170,1298,-409,-324,1365,394,259,-100,-11,-349,-266,1520,-159,-45,140,-686,-1608,611,1382,-985,-408,-1502,-1146,-188,27,-1951,-112
58,-6,32,2602,-48,-97,-646,-346,852,73,-276,356,418,2506,53,-199,285,-95,700,98,-147,472,14,31,-93,-636,162,-118,1316,81,-209,-95,511,277,151,-64,-762,-210,44,107,191,187,4343,533,-654,-498,-108,33,125,-3039,-125,91,-139,-83,1272,-148,-630,468,1708,183,1236,-144,-51,1545,-45
59,389,-184,1634,-73,-39,-572,355,684,-252,190,-172,1352,782,28,17,192,-496,196,191,188,437,15,-283,292,926,-61,46,541,150,790,438,-157,354,-8,20,332,96,-1414,681,-140,658,1961,157,-680,-266,47,14,242,766,27,49,-17,923,1906,-245,-140,76,-612,-593,-1153,-393,273,-615,33
60,688,-208,-3309,-70,102,676,-408,767,-275,294,-323,-656,-682,75,-65,244,-282,-430,224,494,44,456,-84,-210,686,164,41,774,-32,-716,-187,200,-322,1813,-644,264,233,-840,1318,-499,606,265,577,172,-568,-5,55,-24,-357,28,-139,352,1958,632,-299,-276,-285,846,-353,-229,-151,106,1976,-101
61,26,-163,-76,531,-56,1338,-381,321,-373,1730,-258,584,456,147,-89,96,-562,-848,-203,698,-171,1291,105,-157,425,-44,75,56,212,672,-31,155,101,-462,302,36,795,116,-559,1002,-797,-1655,-168,-1053,-1118,-188,171,-117,1642,-121,-167,342,-296,-382,83,1314,-282,-360,545,-624,-29,-232,3276,9
62,-890,-55,95,72,1,-738,265,97,-598,330,198,-116,-488,49,-67,346,42,-400,-150,385,-162,247,65,-118,666,9,119,-431,59,1488,77,-1041,-407,716,-2248,110,-198,1374,-614,148,-1377,1468,434,474,-988,37,281,229,-355,5,386,-273,-1415,-796,-39,-336,863,-684,-1604,578,108,132,-442,21
63,-177,38,2683,-92,14,-630,118,-407,-473,1734,-74,-792,526,-19,199,-181,336,-862,190,-751,-827,250,186,255,-137,30,576,-548,69,-294,-226,-312,-13,-855,34,1182,-21,676,91,448,-402,-834,-275,306,816,102,423,-159,1284,-73,280,191,-1396,-452,-16,818,-242,-3306,-3211,-1604,197,5,-2724,216
,
