k_sum,0,1,2,3,4,5,6,7,8,9,10,11,12,13,14,15,16,17,18,19,20,21,22,23,24,25,26,27,28,29,30,31,32,33,34,35,36,37,38,39,40,41,42,43,44,45,46,47,48,49,50,51,52,53,54,55,56,57,58,59,60,61,62,63
0,17351137,2239646,142159713,1924023,1296476,42863148,9122712,9112501,16746915,49841916,5182634,44854964,53953346,749531,2865538,3793216,8957218,54479084,1633764,14535900,32070482,17456837,2276442,4324060,51981090,807634,6576108,123739124,1222947,39840623,7706997,14480793,9390279,70995780,73737440,46529592,6737687,78015168,50721038,11200309,34818720,120121230,12485329,22777917,83190164,1113764,7747434,1468429,148087064,3474739,3537170,1691138,78938434,44790668,2708492,42205752,37637312,40581884,167617969,28983436,1857379,2602906,106217610,1890002
,
k_max,0,1,2,3,4,5,6,7,8,9,10,11,12,13,14,15,16,17,18,19,20,21,22,23,24,25,26,27,28,29,30,31,32,33,34,35,36,37,38,39,40,41,42,43,44,45,46,47,48,49,50,51,52,53,54,55,56,57,58,59,60,61,62,63
0,1187,549,4580,395,341,2072,1070,916,1169,2442,771,2608,2460,332,532,676,953,2832,374,1245,1629,1532,567,619,2153,287,801,3262,429,2359,1091,1299,1003,3023,2836,2300,774,2812,2739,1040,2093,3633,1349,1335,3448,358,812,338,3785,473,520,412,2577,2352,505,1588,2447,1724,3020,2237,493,519,3978,340
,
k_LOD,0,1,2,3,4,5,6,7,8,9,10,11,12,13,14,15,16,17,18,19,20,21,22,23,24,25,26,27,28,29,30,31,32,33,34,35,36,37,38,39,40,41,42,43,44,45,46,47,48,49,50,51,52,53,54,55,56,57,58,59,60,61,62,63
0,10,9,12,8,8,11,10,9,10,11,9,11,11,8,9,9,9,11,8,10,10,10,9,9,11,8,9,11,8,11,10,10,9,11,11,11,9,11,11,10,11,11,10,10,11,8,9,8,11,8,9,8,11,11,8,10,11,10,11,11,8,9,11,8
,
k_exp,0,1,2,3,4,5,6,7,8,9,10,11,12,13,14,15,16,17,18,19,20,21,22,23,24,25,26,27,28,29,30,31,32,33,34,35,36,37,38,39,40,41,42,43,44,45,46,47,48,49,50,51,52,53,54,55,56,57,58,59,60,61,62,63
0,-3,-2,-5,-1,-1,-4,-3,-2,-3,-4,-2,-4,-4,-1,-2,-2,-2,-4,-1,-3,-3,-3,-2,-2,-4,-1,-2,-4,-1,-4,-3,-3,-2,-4,-4,-4,-2,-4,-4,-3,-4,-4,-3,-3,-4,-1,-2,-1,-4,-1,-2,-1,-4,-4,-1,-3,-4,-3,-4,-4,-1,-2,-4,-1
,
k_scale,0,1,2,3,4,5,6,7,8,9,10,11,12,13,14,15,16,17,18,19,20,21,22,23,24,25,26,27,28,29,30,31,32,33,34,35,36,37,38,39,40,41,42,43,44,45,46,47,48,49,50,51,52,53,54,55,56,57,58,59,60,61,62,63
0,0.125,0.25,0.03125,0.5,0.5,0.0625,0.125,0.25,0.125,0.0625,0.25,0.0625,0.0625,0.5,0.25,0.25,0.25,0.0625,0.5,0.125,0.125,0.125,0.25,0.25,0.0625,0.5,0.25,0.0625,0.5,0.0625,0.125,0.125,0.25,0.0625,0.0625,0.0625,0.25,0.0625,0.0625,0.125,0.0625,0.0625,0.125,0.125,0.0625,0.5,0.25,0.5,0.0625,0.5,0.25,0.5,0.0625,0.0625,0.5,0.125,0.0625,0.125,0.0625,0.0625,0.5,0.25,0.0625,0.5
,
k_seq,0,1,2,3,4,5,6,7,8,9,10,11,12,13,14,15,16,17,18,19,20,21,22,23,24,25,26,27,28,29,30,31,32,33,34,35,36,37,38,39,40,41,42,43,44,45,46,47,48,49,50,51,52,53,54,55,56,57,58,59,60,61,62,63
0,-660,119,-1358,-395,-15,134,235,752,-259,-144,-107,-418,378,45,-122,73,504,-174,328,422,-1060,-13,-114,-83,83,60,350,361,-188,-931,-890,-151,599,-567,90,398,-396,-516,-82,-836,479,289,-720,-135,-1766,358,-351,-26,347,196,145,42,-1000,968,-28,-132,-852,332,978,299,-32,-30,-1984,262
1,281,-192,-1448,33,-226,44,-96,356,292,270,223,1216,-548,205,49,445,114,218,-206,188,-607,63,-319,-27,-1075,-66,139,-1664,212,-667,3,18,593,-1441,1112,-368,127,760,-262,134,21,80,158,629,616,-124,-52,72,-739,-294,-4,63,1118,48,-63,516,590,382,2607,269,-66,-192,-66,37
2,-68,60,-1968,-238,162,140,-80,-47,2,-2096,508,-678,804,15,423,-44,364,1250,38,133,879,-467,-311,-120,-2153,101,-279,424,-79,-808,104,487,434,399,1920,-186,303,2596,109,443,1901,614,266,1335,-184,-7,488,-77,-1824,-135,68,186,546,-268,-182,-1082,-320,198,2807,1119,226,-65,1112,270
3,-228,118,-1826,-98,29,-768,-166,-382,290,-1598,272,566,314,102,187,-337,85,-1220,-113,571,-507,-701,-135,-578,-1534,31,-71,1688,-183,562,-69,-49,240,-427,80,-1500,83,-1868,-201,-218,-1429,1044,355,969,428,23,-683,35,-783,174,-86,-65,-842,-42,-26,118,411,54,528,-144,52,107,-1350,-33
4,-603,65,60,-112,-104,1442,-395,61,78,152,-93,60,192,46,-454,102,-217,-746,189,205,-550,-96,361,249,654,114,-23,696,-1,-1597,141,-202,516,659,-1312,-2300,147,-1414,-175,45,-173,-1157,7,480,1628,-45,230,52,758,-132,9,-53,1015,166,-144,692,176,-162,2434,90,493,54,1866,-238
5,4,-287,623,-125,131,-636,724,107,76,1096,-119,-264,377,-199,-74,133,-56,288,79,79,739,763,-12,215,1458,-142,-223,666,-34,-55,-87,-118,-232,-244,-418,1106,-379,474,321,51,-14,143,-193,-318,-1132,84,-190,159,-325,304,-30,-192,896,1076,-3,-238,-1260,1336,-2073,-273,-20,-291,-689,171
6,-120,201,-452,164,-123,1660,266,479,-696,-410,314,-166,236,-6,109,-299,-652,1682,5,177,206,130,-223,67,1127,-79,-623,1923,20,826,-147,130,123,762,278,-382,494,-248,327,198,-367,489,-138,-32,354,-102,423,-11,-542,-106,26,-20,1170,-54,-31,890,134,402,-547,-751,151,150,646,50
7,452,18,1174,-207,214,1022,-320,916,-243,1714,-546,-596,-1345,-24,-161,127,-395,230,-19,-332,-1244,342,2,-53,-452,40,-128,631,30,-1011,101,-593,169,1537,354,634,-22,-1296,876,-120,-404,-805,289,-182,38,-90,701,119,719,-114,-40,-4,1884,-470,-257,-352,2447,-912,-2640,328,21,183,-676,200
8,-24,67,656,-327,341,1220,130,-102,696,976,-475,-880,1098,-92,38,72,80,-752,275,53,719,821,187,-240,-461,96,-29,925,23,-925,304,-37,358,1090,-974,498,-397,-232,349,-116,778,1183,189,-794,-502,-35,181,226,779,20,209,-412,-944,-366,1,-1116,-59,492,-1520,-23,-178,231,1789,58
9,-358,-252,68,69,-53,-854,433,-14,-455,-1090,124,-736,998,76,103,-83,-312,100,-235,-260,242,217,-188,216,934,-250,67,-2017,205,939,146,-405,74,-1748,718,1648,465,770,110,540,-253,-1023,-687,591,98,95,264,-103,1005,434,162,37,676,-240,74,-102,-692,-1508,-478,-1416,-85,-79,-1748,-41
10,1187,38,-857,5,123,-900,-591,468,599,-776,-507,634,-774,43,532,-218,-90,918,71,-297,429,-173,171,-139,-1749,-18,-801,169,154,1638,131,-476,-1003,1667,1502,2,-88,-1278,1605,-2,381,-940,-484,-484,390,143,-66,-179,306,263,194,6,305,-512,-3,1290,357,-738,-761,-385,-73,296,-698,16
11,-775,208,4580,82,-22,-1044,674,-399,-176,-682,374,230,2460,166,368,-270,-51,-1720,-8,-777,-685,-589,18,95,-872,-43,393,1430,-6,-343,203,-21,105,-271,-230,-990,291,-558,-1361,-54,-637,369,-738,523,1842,228,93,-240,-2455,161,354,95,-1041,-214,40,-196,359,-712,1514,-135,259,-5,-3978,192
12,146,-216,-272,-40,142,-26,267,-116,-578,1046,84,-368,-1292,-55,111,448,-540,-230,-108,12,-159,380,27,122,171,-127,377,-65,-29,-1621,-98,350,439,-591,-2158,972,330,702,-670,-340,202,2245,1349,842,-142,-293,100,338,1698,-247,-162,211,696,608,-72,-796,-257,164,-2817,-187,47,-58,1290,-206
13,865,27,191,247,65,-262,66,-104,552,-750,123,-1114,1079,85,148,-4,-326,-1356,252,42,1294,-317,-49,-222,-1731,218,5,-6,-120,545,579,138,-222,-534,-102,-458,165,-486,-506,-424,-842,1906,-88,5,-370,136,-371,-217,-489,-324,-187,136,-1532,-832,-137,1506,45,58,-1656,570,-169,272,-1302,-107
14,255,-100,981,90,-3,790,86,150,14,-706,309,-174,1208,78,200,163,-179,-170,-195,-396,468,-443,-230,277,309,-71,-423,730,225,1172,1091,-331,136,305,2836,-954,87,-334,754,399,420,-2505,-533,-1185,284,83,579,104,-313,258,194,-174,1797,-502,-434,60,1283,-6,741,-468,198,216,331,327
15,1102,-55,-2525,51,-26,920,90,224,859,700,-218,-686,-534,94,-121,64,-128,-32,-42,19,123,785,-567,-305,-727,194,415,-1393,-21,-1415,410,399,513,496,-610,634,250,1118,-90,-254,-460,1085,-696,902,240,-136,-766,-5,-1701,-220,-242,-141,2421,-420,-28,70,403,694,1266,139,-364,161,1790,-231
16,521,26,282,52,102,576,152,55,-307,-772,-178,-502,1666,13,223,-258,405,-44,55,-475,686,107,-4,114,232,33,-271,315,84,668,541,-354,-251,682,2442,538,253,-412,-20,340,957,367,-886,-326,294,191,-61,-3,-159,367,69,230,1240,2006,-494,-438,499,-1070,776,-550,-115,96,-271,303
17,-26,27,3128,183,44,768,253,-263,-820,298,-172,1004,-1026,104,82,-303,-59,202,124,81,864,238,202,334,-155,-119,-239,1264,-195,1141,-298,285,-289,1638,-268,176,372,-580,-351,-10,-54,435,-195,-432,1488,-80,156,-275,-3237,-212,266,347,615,906,-60,-726,-2309,932,-289,-1028,-19,-232,-1641,-340
18,-168,13,846,-93,-268,844,392,869,977,-718,181,-168,-892,17,-307,-38,-628,-508,-4,700,-328,287,86,-432,-428,111,-131,-210,-141,-880,671,514,362,-1479,1028,756,-427,1084,-233,-710,1249,-71,43,-303,566,115,235,125,1524,-16,-69,2,711,64,-325,-836,172,688,631,-478,77,-519,-460,-189
19,649,-8,-299,30,77,1170,-44,719,-293,-280,-583,-474,-850,-149,95,12,129,896,-69,62,282,696,-114,-89,-338,86,-383,-1672,84,83,-263,-227,-299,3023,702,-458,-583,-602,1099,-110,-203,-403,10,-463,-528,269,-335,-226,1625,-103,-331,16,159,362,-269,404,-396,188,-2922,170,-182,272,670,202
20,-433,242,-547,-178,83,1350,-102,152,-43,616,121,786,-81,38,-245,-156,312,-240,-43,657,159,-77,187,-434,-1097,197,-128,1457,-73,-109,-335,738,415,-679,-614,-898,144,-1058,-1273,-315,146,1744,-199,49,-3448,29,-164,268,-1429,-323,-166,-104,-2577,-158,-200,-1000,661,-536,2636,988,-33,-347,1106,-152
21,-548,39,-207,265,-208,-968,64,-363,549,-518,503,-326,-494,96,320,402,-167,-554,-345,151,-1629,877,-79,131,429,-247,162,-1266,34,-532,8,52,-145,-2085,-994,426,411,1212,56,-642,-54,-3633,275,261,2074,-51,59,70,2667,173,452,119,-473,-776,462,802,-362,280,-323,-1186,299,-71,-622,-30
22,-963,93,-1437,88,-286,1152,459,422,1028,-1308,-186,-952,-720,-70,15,-207,-683,958,-57,645,-249,61,-116,389,191,-82,-122,-617,163,-628,-20,396,73,-1403,388,-322,18,1302,-70,263,27,-1792,83,640,464,-76,-138,-130,-304,-206,185,-183,2019,-98,134,862,239,1296,272,-291,240,-20,682,18
23,-311,313,-1758,-36,-122,-150,-163,148,293,-356,435,-1432,758,98,173,22,-378,2000,-116,18,15,489,-47,-139,-1090,-214,-310,1098,35,328,-199,567,203,1172,378,1778,52,104,-306,169,664,514,329,785,536,-104,57,1,1216,57,242,-149,1350,-380,-90,-338,342,980,1748,1449,345,-87,1697,240
24,-670,136,620,-76,-298,-18,-80,352,667,504,315,170,97,68,-184,1,-116,54,142,450,-1135,772,-19,-449,-37,-49,-266,2989,-61,-245,-79,23,250,-334,-2180,-268,-162,-2448,1252,-275,-591,720,556,-1153,930,-62,-639,-71,-1430,-38,2,-87,324,1334,117,998,-83,1142,-392,85,31,-174,774,-86
25,753,-176,586,145,-86,-156,-111,165,802,762,269,120,357,188,-121,-97,-235,-660,-143,-227,-200,122,164,-367,-1674,88,214,530,-77,196,-47,815,369,499,1150,26,49,300,-658,58,-717,835,-541,-922,-1596,-185,-246,37,-2002,-218,-501,27,-90,-520,-253,-150,1304,916,1674,332,-130,-77,1013,-157
26,-43,-4,-1858,394,114,434,-198,153,917,-244,-54,-1354,158,-65,-31,-519,-790,-1346,180,587,-366,-805,364,-65,226,76,351,476,-156,-524,-53,-185,-915,-1443,292,308,490,-330,-937,443,-1140,-585,55,-16,-36,36,207,-222,-1197,55,233,123,535,-1156,123,1588,496,1724,-1454,-218,123,23,378,250
27,266,344,345,-5,-62,-476,299,293,138,402,155,378,63,45,-109,277,611,-2,245,-1,-326,764,-25,-10,1525,-15,5,-1293,64,-106,-604,-119,200,-491,-1082,-26,-774,260,-159,-1014,964,1230,441,-1131,384,-52,-812,-34,1050,164,160,-346,-882,1256,13,1572,-695,-278,-677,1147,-239,-229,1774,-113
28,1016,103,1886,164,221,-1378,-413,103,793,2442,-147,704,-1040,-26,191,-219,324,148,-168,-846,-613,128,-163,-207,331,-33,-264,-1430,-103,391,-189,43,40,591,840,-32,65,-764,1114,342,-967,-2063,-174,427,552,-161,-207,32,1829,283,-252,-59,2175,-1582,53,-426,827,-1232,-1175,-212,-172,-169,-819,199
29,968,23,-1152,102,-98,-834,-72,315,-686,-340,-371,482,-1248,-232,-300,51,953,472,-9,-215,-1594,-212,30,343,1271,-93,455,-812,64,620,-265,-1299,-58,-288,-28,-958,-182,-38,1014,-306,-33,-2195,-11,-476,1002,-22,-520,-90,-2225,166,-37,223,848,172,-95,1232,92,84,1111,67,-259,-42,1006,15
30,371,-279,198,-258,12,-432,328,-490,420,308,-335,92,-455,-28,-99,-141,116,-1318,188,-8,737,93,-344,-190,347,-41,609,-1775,1,-851,47,498,-70,1584,280,968,-649,786,-137,-297,189,-738,-179,380,462,-58,-107,-74,168,-121,-194,-204,1042,-492,43,-1542,-299,284,-2233,-182,-188,327,387,-133
31,-293,116,1365,-32,-50,-696,127,533,694,-990,-47,1276,278,46,280,-431,26,912,102,-285,-1164,-520,-218,-104,485,-74,-254,89,126,-552,-419,-196,201,1141,-314,2,95,-1114,992,237,-408,-1517,-339,204,14,73,34,-204,644,-25,-84,168,-437,542,123,26,-396,116,401,-372,-81,283,-2086,208
32,-357,-225,223,-112,-203,-368,-93,-556,-221,352,205,1236,1217,84,243,382,-215,1802,279,-811,-839,632,24,386,1648,-111,103,330,429,-501,191,-572,551,148,766,-428,137,-1020,615,477,266,18,-568,-116,304,285,151,219,-1659,310,-191,73,1323,1310,-358,546,-1042,-1342,1720,528,-81,145,-17,245
33,-331,170,-375,18,-76,514,-30,402,-198,976,-329,-2608,-199,-124,-180,-117,231,916,-49,-399,160,-17,109,-17,-622,122,231,-369,111,290,-333,464,-140,1690,-6,730,-210,628,-2077,171,-43,2201,-312,974,-912,272,135,43,-204,-98,23,-71,-94,892,86,-1296,1108,236,943,741,39,-94,25,270
34,-377,-53,962,49,237,512,248,-164,-297,-824,472,-936,1323,4,-60,-261,-19,-2832,-92,70,-21,-1046,17,84,-407,26,370,2660,-65,549,169,128,-324,-996,-348,-702,680,474,-488,52,173,-451,-693,563,2292,-52,238,-130,-236,-54,248,36,662,438,63,-204,-499,1382,2586,-570,318,23,-665,98
35,-380,-320,301,56,31,-2072,-70,390,111,280,-88,14,844,124,7,65,257,1236,-49,1071,12,221,-91,3,1420,60,-253,-224,-133,-578,-434,733,652,-995,2222,434,-354,124,-648,263,-33,1196,-165,63,-2696,27,476,277,2607,45,-478,169,753,-1154,-145,-926,-607,726,-1236,-1403,-42,-114,702,-33
36,-637,-212,-2377,47,206,1072,-279,-286,-1130,-726,-243,-976,182,105,34,366,-167,840,-24,408,995,-624,296,616,402,10,-264,-457,-68,751,-356,-829,-185,-795,882,20,53,-614,718,673,-718,106,-218,705,-814,-79,748,-259,528,337,491,-13,266,-180,-130,-1348,-304,788,1160,-377,271,-16,51,109
37,-36,529,2856,85,135,402,317,-667,-266,-756,-619,-472,162,-49,-7,-676,231,112,369,-774,975,-425,73,-118,824,-122,110,547,-285,633,471,-1108,-309,1137,-486,52,213,-1972,-1209,-172,-1165,-974,-947,-170,1330,168,-70,-305,212,298,151,28,-1576,-898,119,-216,-1665,-1392,111,423,-109,215,-3076,-53
38,431,-277,-1443,-189,-33,596,-923,162,459,948,192,1378,34,139,319,374,-594,44,104,377,-25,473,90,-274,671,3,-475,3031,202,50,-300,577,355,562,-718,-1498,-238,-1696,2739,-204,-174,1753,-161,-270,-776,-23,-420,11,-256,-65,-378,13,806,1780,-262,430,790,-428,3020,739,-112,51,691,-122
39,-51,-24,-1286,-149,-293,-616,435,247,1169,-1512,113,-294,-1104,-103,19,-124,197,214,114,385,343,772,-134,-263,-1485,-97,507,-529,-1,365,121,289,-10,-509,-200,-56,-239,2812,705,-819,798,569,15,-680,-1696,-21,-656,-81,-1669,-292,-9,-42,357,-276,190,750,196,562,-1289,-339,-122,267,205,-257
40,239,62,-339,117,117,1830,283,81,22,654,128,-88,-948,121,-21,-120,154,-1136,208,1,783,432,-82,196,-377,54,107,-1763,-121,-574,267,291,-1,1090,1268,-546,377,1664,-997,65,1910,-1284,307,595,940,-17,110,-121,-2628,-347,-18,251,2347,234,-451,980,-592,-466,521,880,154,-321,720,-41
41,605,-125,-2273,-222,-54,-196,-616,316,-715,1114,-228,-1690,531,-9,-327,205,123,-524,-150,-759,-1055,10,155,41,625,-22,-187,-1779,5,-426,-258,-894,-283,911,-894,1836,-535,-942,578,-309,-710,863,-401,332,424,28,-110,60,2673,473,192,-172,732,704,-106,490,219,-614,-2204,84,14,-38,561,15
42,74,345,1453,135,-53,-114,253,509,-640,440,49,340,482,147,-253,-229,-18,-182,-71,-664,-630,555,-327,290,2027,-138,-200,231,154,980,201,37,314,1213,212,840,345,-392,-968,-126,160,-1471,-780,-234,412,129,-144,-98,-427,-66,2,121,696,968,49,958,-29,-1186,1374,-166,58,-214,-1079,-17
43,-758,-203,-1641,271,-77,364,220,-516,505,-216,46,902,213,242,235,-181,-65,-1096,-116,829,-264,-225,479,-153,-1290,69,-19,-1528,-65,389,-123,706,-607,87,454,-1672,-68,332,-845,-152,-229,-79,34,-382,-1776,141,246,-120,-781,-82,193,217,126,-540,52,6,-694,-286,739,-724,201,48,-1001,-3
44,-773,184,-725,-153,-90,-154,-210,411,-177,-1470,-152,414,1221,5,118,-154,185,936,-104,20,-773,-207,-65,-200,-191,-8,-99,-583,5,602,-177,-564,57,-802,1528,-642,-305,-388,-350,179,192,-670,-302,-400,-484,11,-70,20,-881,51,-154,71,-566,-698,-64,320,369,-580,-1599,87,-28,222,331,91
45,-285,-67,52,-322,95,-290,-35,261,118,-854,7,-328,-1337,38,194,235,-606,-938,-48,285,-954,-58,-3,7,-1549,179,-286,2838,13,39,-388,159,-27,201,-2246,-148,-129,-1118,385,-217,-518,230,317,-457,-802,-35,-451,-169,-1908,-188,44,-14,-1195,1274,-101,-12,1101,1098,1081,-11,127,187,-451,-179
46,327,-51,221,225,118,-92,23,-403,-135,-1144,164,458,-156,-16,172,-18,-2,-86,374,110,1345,-859,-100,619,189,-5,123,1527,63,488,13,66,-226,-525,114,-736,343,462,898,-241,2093,-209,381,-819,-84,29,-58,-338,-2568,-397,56,311,-566,86,151,424,-640,484,2622,380,-78,196,1577,-20
47,-3,18,-2581,-322,101,1044,-106,-315,-847,-284,-193,432,1681,-180,14,84,420,-626,287,-388,-47,-926,127,185,213,-9,-41,-304,128,-1058,-608,318,356,-767,1094,-922,-2,-242,-1177,84,532,1444,-366,336,-698,200,-261,101,31,317,-24,-112,-449,2352,-86,390,-888,-494,227,353,221,55,-606,317
48,498,244,136,-123,71,122,-113,87,-373,108,-13,-266,-105,-33,-276,-293,615,752,209,-678,308,-14,325,306,-739,14,287,-14,-206,30,132,-404,-46,1603,-728,1338,-122,-528,-285,-611,-110,1411,259,30,-384,112,-138,-96,-391,-247,189,178,-1280,910,29,-570,-829,-1088,-1571,1005,13,221,-2404,-122
49,-138,254,-1176,-6,-82,734,549,533,195,-1128,91,184,-664,-116,190,-380,-174,-58,77,653,-724,154,-134,247,817,-137,-7,1347,21,1468,-189,-110,-349,-381,884,10,446,1906,-1199,-172,178,-2319,-156,-792,1734,125,-275,58,-963,187,-12,-200,1974,86,-88,826,631,-410,-1313,135,159,-112,-445,296
50,-851,-164,1599,63,-183,602,341,329,-406,-370,771,-862,1528,332,385,168,-304,956,56,-355,-392,605,-100,428,52,20,-187,3036,226,303,27,-202,334,532,-220,438,-85,-802,-1031,1040,361,901,177,-179,1676,202,7,-13,-3785,291,301,-107,-81,2206,-505,474,-210,-564,999,-496,292,-1,374,23
51,-131,-74,1098,78,-162,-714,362,143,764,786,-246,1114,-1986,-19,151,-394,-703,-696,-86,-995,-286,-34,234,-272,-751,-47,169,233,46,464,-89,-268,-240,23,-502,-758,-27,4,-217,95,-628,1910,-9,629,-354,39,-592,-31,-2932,-255,-251,331,-137,592,192,-1402,428,-24,2796,-918,-67,-273,-2539,17
52,135,-156,711,33,-57,-1232,126,-286,-440,148,-118,-184,-1479,18,-76,367,507,-644,-27,246,-564,-92,-177,194,-359,-165,723,-1148,-82,139,-394,-405,167,1505,-1088,-518,-226,1184,-38,-815,-167,1217,589,-75,44,-112,-642,-20,350,-318,-340,170,681,92,395,442,-310,716,-1853,-155,-92,308,-187,-244
53,-587,101,195,-157,-53,764,355,-425,261,-950,106,-48,81,-85,135,141,245,-796,63,627,-63,-287,-50,78,-276,-83,551,-508,5,-885,269,91,-475,-1526,-180,1478,36,926,-757,-5,627,-3575,-68,97,2530,-49,-76,-93,331,-240,417,-42,-1707,318,-16,384,-1082,218,-320,704,252,324,-822,125
54,677,-549,-2252,69,-124,-520,333,201,-295,16,65,-820,-463,34,-121,220,112,606,5,132,-35,148,-48,-61,-100,-107,235,-2832,-7,-1166,-391,254,398,-728,102,590,-462,-196,-856,-236,35,-1554,73,196,-1212,-61,130,276,1477,417,-259,7,-496,712,-364,422,-184,-746,-2286,-500,-87,66,748,-134
55,163,144,209,81,226,-832,-443,-310,320,556,364,1146,-294,9,52,103,-16,-1386,36,-321,-673,-922,141,-13,226,-61,-163,1082,-93,-105,-580,612,83,-734,-1548,-1680,-428,-2088,204,-805,-193,265,692,69,46,25,-374,18,1622,199,91,-250,-1832,624,452,490,44,1226,-1016,534,112,-180,-674,-62
56,-371,-33,-912,-226,-60,386,-145,-323,-44,-1164,147,-142,-1371,-35,58,298,-482,904,-113,-36,-634,-179,223,1,-67,-113,193,-1468,112,-92,-180,-186,-674,-284,-1262,1094,-231,1386,1380,-168,234,576,23,1058,1102,123,401,56,1146,30,368,-306,-447,172,164,-648,-372,580,-1163,19,76,17,-528,-229
57,750,-29,0,129,145,-214,-168,-240,-123,74,-258,996,-692,-176,-315,-63,198,-740,62,-335,927,326,-20,177,-426,-22,90,-3262,125,-589,-128,650,-323,-182,378,208,305,998,-27,-376,1975,-2807,424,-608,-442,-68,-186,-105,1075,-319,-292,182,-1128,-566,148,1318,-1248,-1076,-2652,751,-137,29,2739,-256
58,-162,-65,572,-201,133,-1304,-337,-77,11,358,113,602,-466,4,0,36,-349,1208,15,-722,-146,219,9,-243,-567,12,-518,-697,-32,-86,-676,190,-189,-386,-224,390,-196,-360,728,912,-492,-811,-290,1040,998,-148,67,-185,964,22,-520,-150,397,194,70,1330,-209,-60,441,2237,38,-238,-1072,-8
59,304,-34,-590,-206,95,414,-668,-302,-38,652,-63,-1616,1214,39,-464,-80,656,-952,192,-98,507,-1532,-199,186,-417,287,-152,-54,-311,-2359,-425,154,677,1646,832,504,-195,-1156,456,-326,-123,829,85,812,378,-203,130,-27,3421,-317,-169,108,-254,70,65,-856,588,522,1343,-41,77,325,86,43
60,-207,222,1702,-175,54,28,121,-288,162,738,137,482,-335,-104,126,-87,-117,164,12,-255,-1201,240,-76,-260,28,69,170,2017,-106,88,218,399,354,-298,-1414,-264,-402,-300,1932,-371,760,666,244,-690,820,68,-249,-137,-258,-107,-235,16,127,1000,172,-262,-17,-806,-552,-174,-124,-302,-1178,-107
61,445,-30,-2759,11,-149,576,-1037,-242,-194,104,-19,-1512,30,116,-70,37,220,294,119,74,-325,116,159,-193,-537,89,-637,509,284,-280,105,-203,422,1724,854,588,103,-1212,-1188,424,-462,692,-760,-21,-100,222,172,184,-240,-143,-39,74,-677,32,-290,1058,1042,-1054,2031,727,199,241,1498,189
62,566,134,-2051,-304,33,748,-593,366,18,1600,-195,-1062,-584,-134,-95,-38,-26,1248,162,120,360,-972,85,209,-596,171,-577,379,-216,-428,-405,584,809,233,-1188,222,-646,-1908,1304,-601,944,1668,487,-186,-2080,59,-56,-16,1289,-346,-234,-48,-1319,324,-54,-1156,484,-502,689,1056,-73,-244,592,142
63,-593,-189,3012,331,-136,-536,1070,-601,91,-192,386,402,-966,37,242,-178,-693,-146,-277,1245,-520,-67,-86,-459,-156,-152,138,-231,-94,-969,-39,1240,-320,215,-1440,408,237,378,-474,-27,515,-1290,594,311,-62,-9,124,-183,-85,58,-364,161,-99,-694,-80,-254,-512,1238,1541,-100,-81,-275,1171,-131
,
